INSERT INTO Conjunto (K_CONJUNTO, N_DIRECCION, N_NOMCONJUNTO) VALUES ('1', 'Calle 1', 'Conjunto 1');
INSERT INTO Conjunto (K_CONJUNTO, N_DIRECCION, N_NOMCONJUNTO) VALUES ('2', 'Calle 2', 'Conjunto 2');
INSERT INTO Conjunto (K_CONJUNTO, N_DIRECCION, N_NOMCONJUNTO) VALUES ('3', 'Calle 3', 'Conjunto 3');
INSERT INTO Conjunto (K_CONJUNTO, N_DIRECCION, N_NOMCONJUNTO) VALUES ('4', 'Calle 4', 'Conjunto 4');
INSERT INTO Conjunto (K_CONJUNTO, N_DIRECCION, N_NOMCONJUNTO) VALUES ('5', 'Calle 5', 'Conjunto 5');
INSERT INTO Conjunto (K_CONJUNTO, N_DIRECCION, N_NOMCONJUNTO) VALUES ('6', 'Calle 6', 'Conjunto 6');
INSERT INTO Conjunto (K_CONJUNTO, N_DIRECCION, N_NOMCONJUNTO) VALUES ('7', 'Calle 7', 'Conjunto 7');
INSERT INTO Conjunto (K_CONJUNTO, N_DIRECCION, N_NOMCONJUNTO) VALUES ('8', 'Calle 8', 'Conjunto 8');
INSERT INTO Conjunto (K_CONJUNTO, N_DIRECCION, N_NOMCONJUNTO) VALUES ('9', 'Calle 9', 'Conjunto 9');
INSERT INTO Conjunto (K_CONJUNTO, N_DIRECCION, N_NOMCONJUNTO) VALUES ('10', 'Calle 10', 'Conjunto 10');


INSERT INTO Parqueadero (K_PARQUEADERO, N_TIPOPAR) VALUES (1, 'MOT');
INSERT INTO Parqueadero (K_PARQUEADERO, N_TIPOPAR) VALUES (2, 'CAR');
INSERT INTO Parqueadero (K_PARQUEADERO, N_TIPOPAR) VALUES (3, 'MOT');
INSERT INTO Parqueadero (K_PARQUEADERO, N_TIPOPAR) VALUES (4, 'CAR');
INSERT INTO Parqueadero (K_PARQUEADERO, N_TIPOPAR) VALUES (5, 'MOT');
INSERT INTO Parqueadero (K_PARQUEADERO, N_TIPOPAR) VALUES (6, 'CAR');
INSERT INTO Parqueadero (K_PARQUEADERO, N_TIPOPAR) VALUES (7, 'MOT');
INSERT INTO Parqueadero (K_PARQUEADERO, N_TIPOPAR) VALUES (8, 'CAR');
INSERT INTO Parqueadero (K_PARQUEADERO, N_TIPOPAR) VALUES (9, 'MOT');
INSERT INTO Parqueadero (K_PARQUEADERO, N_TIPOPAR) VALUES (10, 'CAR');
INSERT INTO Parqueadero (K_PARQUEADERO, N_TIPOPAR) VALUES (11, 'MOT');
INSERT INTO Parqueadero (K_PARQUEADERO, N_TIPOPAR) VALUES (12, 'CAR');
INSERT INTO Parqueadero (K_PARQUEADERO, N_TIPOPAR) VALUES (13, 'MOT');
INSERT INTO Parqueadero (K_PARQUEADERO, N_TIPOPAR) VALUES (14, 'CAR');
INSERT INTO Parqueadero (K_PARQUEADERO, N_TIPOPAR) VALUES (15, 'MOT');
INSERT INTO Parqueadero (K_PARQUEADERO, N_TIPOPAR) VALUES (16, 'CAR');




INSERT INTO Bloque (K_BLOQUE, N_NOMBLOQUE, K_CONJUNTO) VALUES (1, 'Bloque A', 1);
INSERT INTO Bloque (K_BLOQUE, N_NOMBLOQUE, K_CONJUNTO) VALUES (2, 'Bloque B', 1);
INSERT INTO Bloque (K_BLOQUE, N_NOMBLOQUE, K_CONJUNTO) VALUES (3, 'Bloque C', 2);
INSERT INTO Bloque (K_BLOQUE, N_NOMBLOQUE, K_CONJUNTO) VALUES (4, 'Bloque D', 2);


INSERT INTO Apartamento (K_NUMAPTO, N_TAMANIO, V_COEFICIENTE, K_BLOQUE, K_PARQUEADERO) VALUES (1, 100, 10, '1', 1);
INSERT INTO Apartamento (K_NUMAPTO, N_TAMANIO, V_COEFICIENTE, K_BLOQUE, K_PARQUEADERO) VALUES (2, 80, 20, '1', 2);
INSERT INTO Apartamento (K_NUMAPTO, N_TAMANIO, V_COEFICIENTE, K_BLOQUE, K_PARQUEADERO) VALUES (3, 70, 15, '2', 3);
INSERT INTO Apartamento (K_NUMAPTO, N_TAMANIO, V_COEFICIENTE, K_BLOQUE, K_PARQUEADERO) VALUES (4, 80, 20, '2', 4);
INSERT INTO Apartamento (K_NUMAPTO, N_TAMANIO, V_COEFICIENTE, K_BLOQUE, K_PARQUEADERO) VALUES (5, 70, 15, '3', 5);
INSERT INTO Apartamento (K_NUMAPTO, N_TAMANIO, V_COEFICIENTE, K_BLOQUE, K_PARQUEADERO) VALUES (6, 80, 20, '3', 6);
INSERT INTO Apartamento (K_NUMAPTO, N_TAMANIO, V_COEFICIENTE, K_BLOQUE, K_PARQUEADERO) VALUES (7, 70, 15, '4', 7);
INSERT INTO Apartamento (K_NUMAPTO, N_TAMANIO, V_COEFICIENTE, K_BLOQUE, K_PARQUEADERO) VALUES (8, 70, 15, '4', 8);
INSERT INTO Apartamento (K_NUMAPTO, N_TAMANIO, V_COEFICIENTE, K_BLOQUE, K_PARQUEADERO) VALUES (9, 70, 15, '4', 9);
INSERT INTO Apartamento (K_NUMAPTO, N_TAMANIO, V_COEFICIENTE, K_BLOQUE, K_PARQUEADERO) VALUES (10, 80, 80, '3', 10);


INSERT INTO Cuenta_Cobro (K_CUENTACOBRO, N_DESCRIPCION, F_PORDINARIO, N_ANIO, K_NUMAPTO)
VALUES (1, 'Cuenta mensual de administración', TO_DATE('15-12-2022', 'DD-MM-YYYY'), '2022', 2);

INSERT INTO Concepto (K_DETALLE, N_DESCRIPCION, N_CONCEPTO, V_VALORCONCEP, V_INTERES, K_CUENTACOBRO)
VALUES (1, 'Cuota mensual de administración', 'cuota de administracion', 100000, 5, 1);

INSERT INTO Concepto (K_DETALLE, N_DESCRIPCION, N_CONCEPTO, V_VALORCONCEP, V_INTERES, K_CUENTACOBRO)
VALUES (2, 'Alquiler del salón comunal', 'alquiler de salon comunal', 50000, 5, 1);

INSERT INTO Concepto (K_DETALLE, N_DESCRIPCION, N_CONCEPTO, V_VALORCONCEP, V_INTERES, K_CUENTACOBRO)
VALUES (3, 'Cuota extraordinaria por mantenimiento', 'cuota extraordinaria', 200000, 5, 1);

INSERT INTO Concepto (K_DETALLE, N_DESCRIPCION, N_CONCEPTO, V_VALORCONCEP, V_INTERES, K_CUENTACOBRO)
VALUES (4, 'Otro concepto', 'otro', 10000, 5, 1);

INSERT INTO PAGO (K_PAGO, F_PAGO, N_FORMAPAGO, N_ESTADO, K_CUENTACOBRO)
VALUES (1, TO_DATE('15-12-2022', 'DD-MM-YYYY'), 'EF', 'ACT', 1 );

    
INSERT INTO PERSONA
    (K_IDENTIFICACION, I_TIPOID, N_NOMBRE,
        N_GENERO, F_NACIMIENTO
    )
VALUES 
    ('12410', 'CC', 'testfront',
        'M', TO_DATE('2022-12-07', 'yyyy-mm-dd')
    );
    
INSERT INTO RESPONSABLE
    (K_RESPONSABLE, Q_TELRESIDENCIA, Q_TELTRABAJO,
        N_EMAIL, K_IDENTIFICACION, K_NUMAPTO)
VALUES
    (1, '11', '11',
        '11', '12410', 2);
    
ALTER TABLE  Pago 
 ADD CONSTRAINT CK_ESTADO_PAGO CHECK (N_ESTADO  IN ('ACT', 'PEN','CAN'))
;

SELECT * FROM PERSONA;
SELECT * FROM RESPONSABLE;
SELECT * FROM RESIDENTE;

DELETE FROM PERSONA WHERE 1=1;
DELETE FROM RESPONSABLE WHERE 1=1;
DELETE FROM RESIDENTE WHERE 1=1;
    